,TFIDF
states,0.030440733
united,0.030043004
united states,0.029802082
government,0.027944239
politics,0.026360659
politics government,0.02568638
impeachment,0.025307741
states politics,0.019218123
presidential,0.018886322
election,0.018236792
trump,0.017729962
president,0.017341247
presidential election,0.01694595
military,0.01619857
international,0.015473217
defense,0.015022966
forces,0.013507315
inquiry,0.013479442
impeachment inquiry,0.012996893
complaint,0.01290741
whistleblower,0.012866205
whistleblower complaint,0.01282487
complaint impeachment,0.01282487
trumpukraine,0.01282487
trumpukraine whistleblower,0.01282487
military forces,0.01251836
defense military,0.01251836
relations,0.011970177
estate,0.011577291
coronavirus,0.011520695
international relations,0.011340555
trial,0.011036362
states international,0.01100868
people,0.010960726
travel,0.010196105
housing,0.009997051
caucuses,0.0097132195
political,0.009681693
media,0.009668246
residential,0.00961023
housing residential,0.0092318775
estate housing,0.0092318775
house,0.00918801
world,0.009041119
murders,0.0087947175
states defense,0.008688482
state,0.008643568
years,0.008410874
primaries,0.008369028
primaries caucuses,0.0083036125
safety,0.008166267
trade,0.00811121
officials,0.008046339
china,0.00787533
women,0.007718681
senate,0.007579986
president trump,0.007468717
campaign,0.007207651
crimes,0.007067277
accidents safety,0.006887265
accidents,0.006887265
police,0.006814677
market,0.006606193
public,0.0065695015
social,0.006561928
american,0.0062657045
global,0.006243879
impeachment trial,0.0061965
vacations,0.0061838813
protests,0.006127629
travel vacations,0.006116728
sanders,0.0061079017
security,0.0060906727
health,0.006070483
million,0.0060564806
internet,0.0059950715
homes,0.005979372
advertising,0.005868028
economic,0.0058249226
deaths,0.0057549817
targeted,0.0056961523
computers,0.0056198104
executive,0.005586776
voters,0.005550931
company,0.005539583
yourfeedscience,0.0055151377
fires,0.005445498
black,0.00542968
white,0.0054217083
attempted,0.0054210685
change,0.005373906
death,0.0053672483
rights,0.005354225
fatalities,0.005341954
killings,0.0053389715
democrats,0.0053007794
democratic,0.0052757855
iranian,0.005225969
killing,0.005219496
ukraine,0.005216172
deaths fatalities,0.0051857973
targeted killings,0.005157897
computers internet,0.0051520593
elections,0.0051509906
homicides,0.005118231
murders homicides,0.005118231
murders attempted,0.005118231
attempted murders,0.005118231
government trumpukraine,0.0050623124
airlines,0.00504956
federal,0.005048292
epidemics,0.005031846
social media,0.005018011
trade world,0.0049460297
international trade,0.0049460297
world market,0.0049460297
girls,0.0049424996
families,0.0049365633
disasters,0.00492953
killed,0.0049225115
human,0.0049198796
women girls,0.0048947833
election primaries,0.004865666
economy,0.004863084
debate,0.0048102187
court,0.0047961297
immigration,0.004791766
video,0.0047247973
labor,0.0047082454
industry,0.00468776
demonstrations,0.0046807826
chinese,0.0046290774
woman,0.0045947325
aviation,0.0045764423
children,0.0045631663
rates,0.004562733
aviation accidents,0.0045266035
safety disasters,0.0045266035
riots,0.004510371
protests riots,0.004510371
demonstrations protests,0.004510371
warming,0.004489768
global warming,0.004489768
biden,0.0044525573
inquiry united,0.0044358014
power,0.0044349395
inquiry impeachment,0.004429947
movement,0.0044163414
general,0.0043836357
civil,0.0043555736
leaders,0.004333109
changes,0.0043305415
election united,0.0043089115
firefighters,0.0042943363
intelligence,0.004292551
forces united,0.0042636488
attack,0.0042124414
country,0.00420736
leader,0.0042022867
wildfires,0.004172424
bernie,0.0041504763
strike,0.0040949485
service,0.004070592
national,0.00406341
sexual,0.004046331
warren,0.0040433467
fires firefighters,0.00403919
brexit,0.0040295185
conditions,0.004013508
research,0.004000294
business,0.003988668
relations united,0.0039511244
control,0.003941579
services,0.0038945132
plans,0.0038837625
discrimination,0.0038796652
britain,0.003845601
legislation,0.0038393405
bernie sanders,0.0038241143
environment,0.0038041438
brooklyn,0.0037882566
family,0.0037747587
television,0.003765641
respiratory,0.0037418269
trends,0.0037147545
official,0.0037099135
fight,0.0037063782
justice,0.0036931606
accused,0.003688838
stocks,0.003680282
charges,0.003667031
conditions trends,0.0036327543
royal,0.0035816655
states economy,0.0035744563
candidates,0.003571893
abuse,0.003571429
questions,0.0035660674
personal,0.0035591843
online,0.0035522312
impeachment trumpukraine,0.0035494608
chief,0.0035253093
economic conditions,0.0035187758
terrorism,0.0035163187
government united,0.0034952573
attacks,0.0034740218
violations,0.0034705086
washington,0.003451104
california,0.0034145373
prices,0.0034030727
space,0.0033962997
emissions,0.0033962575
white house,0.0033960927
crash,0.0033954063
support,0.0033921716
outbreak,0.0033880328
immigration emigration,0.0033651963
emigration,0.0033651963
movies,0.0033437577
group,0.0033397581
foreign,0.003308017
senator,0.0033012184
executive changes,0.0032993734
appointments executive,0.0032993734
appointments,0.0032993734
airplanes,0.0032954898
south,0.003295339
legal,0.0032949196
automobiles,0.0032820012
black people,0.0032738403
blacks,0.0032738403
administration,0.0032575883
suleimani,0.0032521202
legislatures,0.003241087
litigation,0.0032292032
people blacks,0.0032138068
airlines airplanes,0.0031922508
republican,0.0031853472
financial,0.0031826512
rules,0.0031710912
litigation civil,0.0031641887
suits,0.0031641887
suits litigation,0.0031641887
charged,0.0031587754
political advertising,0.0031558692
crisis,0.0031381093
systems,0.0031325198
making,0.003110171
afghanistan,0.0030911188
pressure,0.003087456
hours,0.0030808027
missing,0.0030757207
regulation,0.0030581504
finance,0.003054275
withdrawal,0.003049279
senators,0.0030389032
elizabeth,0.0030333528
voting,0.0030329006
virus,0.0030296908
hospitals,0.0030263453
middle,0.0030205874
prison,0.0030142732
young,0.0029997346
greenhouse,0.00299347
greenhouse emissions,0.00299347
americans,0.0029899783
community,0.0029803617
climate,0.0029711425
traffic,0.0029679632
polls,0.0029671227
shooting,0.0029630275
debates,0.0029581
metoo,0.0029388336
flight,0.0029377593
bonds,0.0029175899
billion,0.0029068142
witnesses,0.0028994519
opinion,0.0028912749
shopping,0.002891126
plane,0.0028894397
corruption,0.002881151
cancer,0.0028750065
education,0.0028626758
members,0.0028576883
deregulation industry,0.0028527007
deregulation,0.0028527007
regulation deregulation,0.0028527007
concerns,0.002846738
trying,0.0028409571
animal,0.0028409255
major,0.0028395348
great,0.0028349767
months,0.0028333361
authorities,0.0028297505
powers,0.0028296676
misconduct,0.0028274863
colleges,0.0028246867
human rights,0.002821841
managers,0.0028213195
night,0.0028149781
party,0.0028107902
times,0.0028071331
harassment,0.0028045797
sexual harassment,0.0028045797
called,0.0027895544
north,0.0027845684
center,0.0027844692
retail,0.00278243
money,0.0027767927
persons,0.0027732425
royal families,0.002765538
campaign finance,0.0027650956
wants,0.0027646627
school,0.0027614913
angeles,0.0027587006
davos,0.0027496526
universities,0.0027423329
diplomatic,0.002728682
debates political,0.0027256596
commercial,0.0027223604
lawyers,0.0027167704
reports,0.002695783
lawmakers,0.0026858791
public opinion,0.0026838863
elizabeth warren,0.0026816216
colleges universities,0.002679359
number,0.0026756537
stocks bonds,0.002675479
groups,0.0026646934
local,0.0026537592
metoo movement,0.0026535192
harry,0.0026436753
cases,0.0026397714
briefing,0.0026365803
sanctions,0.0026322282
manhattan,0.0026218044
caucuses presidential,0.0026149661
canada,0.0026113028
small,0.00260989
emergency,0.002603297
efforts,0.0026019355
companies,0.0025934447
record,0.002589737
workers,0.0025887873
government impeachment,0.0025786718
private,0.0025780427
nuclear,0.002577913
scientists,0.0025755838
polls public,0.0025732447
child,0.002571981
russian,0.0025629122
privacy,0.00255945
recent,0.0025584958
decision,0.0025492746
better,0.0025442122
impeachment briefing,0.0025425877
streaming,0.0025405285
workplace,0.0025404363
severe,0.0025367013
capital,0.0025285252
boeing,0.0025280851
yourfeedhealthcare,0.0025193705
building,0.0025136615
freedom,0.002512641
computer,0.0025046547
latest,0.0025020263
candidate,0.0024903566
little,0.0024875982
bases,0.0024856327
marketing,0.0024825973
history,0.002474882
troops,0.0024701355
growing,0.0024626227
institutions,0.0024609263
rally,0.0024541968
credit,0.002451688
study,0.002450951
retirement,0.0024504468
missile,0.0024494827
shopping retail,0.0024481618
running,0.002445597
judge,0.0024290625
republicans,0.002421181
leaves,0.0024199348
budget,0.002418036
investigation,0.0024110056
syndrome,0.0024106842
books,0.002402902
region,0.0024023657
subway,0.0023991386
banking,0.002392995
second,0.0023886834
central,0.0023876103
lunar,0.002381356
secretary,0.0023757492
astronomy,0.0023713952
buildings,0.002371369
warnings,0.0023684548
transit,0.002364672
fears,0.002364659
taxes,0.0023626708
information,0.0023606322
great britain,0.0023587977
withdrawal brexit,0.0023587977
britain withdrawal,0.0023587977
prince,0.002352295
bloomberg,0.0023471513
funds,0.0023449943
australia,0.0023403626
respiratory syndrome,0.00233963
murder,0.0023392588
deadly,0.0023381722
cities,0.002336147
taking,0.0023288433
voting voters,0.0023238761
decisions,0.002321425
violence,0.0023196428
facebook,0.002319043
early,0.0023173701
areas,0.0023153687
ethnicity,0.0023140851
office,0.0023105703
weekend,0.0023081568
going,0.0023069817
giant,0.0023059596
shows,0.002305002
weather,0.0023047153
online advertising,0.0023024837
details,0.0023006105
policy,0.0022979595
victims,0.0022913397
despite,0.0022870682
criminal,0.0022820362
border,0.002275266
institutional,0.0022714012
insurance,0.002271123
students,0.002269676
fares,0.0022655404
likely,0.002259133
embargoes sanctions,0.0022583487
embargoes,0.0022583487
financial institutions,0.0022568982
banking financial,0.0022568982
weinstein,0.0022555524
minister,0.0022547133
future,0.0022515992
residents,0.002250342
began,0.0022449503
supreme,0.002223648
weeks,0.0022229108
vehicles,0.0022222144
prosecutors,0.0022190162
finances,0.0022154266
department,0.002209228
fares rates,0.0022078662
prices fares,0.0022078662
european,0.002207653
manufacturing,0.0022075938
space astronomy,0.0022073046
markets,0.0022035798
airlines flight,0.0022026808
arguments,0.002201877
childhood,0.002201672
wuhan,0.0021996147
medical,0.0021976582
senate trial,0.0021961904
experts,0.002195392
known,0.0021893336
thousands,0.0021883894
antisemitism,0.002187593
takes,0.0021872222
associates,0.0021857426
spread,0.0021787924
peace,0.002172991
embassies,0.0021634398
claims,0.0021500983
queens,0.0021470843
medicine,0.002140494
sales,0.0021369965
earthquakes,0.0021335897
international airlines,0.0021307347
ukraine international,0.0021307347
program,0.0021295438
mayor,0.0021223568
personal finances,0.002116913
impeachment united,0.0021144452
constitution,0.0021128384
released,0.0021101574
downloads,0.0021052249
recordings downloads,0.0021052249
downloads streaming,0.0021052249
recordings,0.0021052249
bolton,0.0021051322
countries,0.0021017427
customs,0.0020999894
acute respiratory,0.00209985
acute,0.00209985
severe acute,0.00209985
living,0.0020982183
programs,0.0020956846
factories,0.0020914888
espionage,0.0020903563
longer,0.002087439
mobile,0.002086191
watch,0.0020855404
meeting,0.0020833123
corporate,0.002081115
corruption institutional,0.0020753625
species,0.0020745585
children childhood,0.0020734065
coronavirus epidemics,0.0020659328
battle,0.0020611205
sites,0.0020594946
interference,0.0020564008
hackers,0.0020543814
things,0.0020528631
drugs,0.0020492447
endorsements,0.0020484955
literature,0.002045545
books literature,0.002045545
comes,0.002043797
press,0.0020409767
response,0.0020404635
doctors,0.0020394
inside,0.0020367014
floods,0.0020344977
verdicts,0.0020327007
decisions verdicts,0.0020327007
dozens,0.0020307351
speech,0.0020297766
student,0.0020275733
planning,0.0020233311
evacuees,0.0020225553
evidence,0.0020210973
election debates,0.002020726
restaurants,0.0020118775
parenting,0.0020118305
michael,0.0020109192
hotels,0.0020062907
gasoline,0.0020056767
ended,0.0020030022
french,0.001999724
pelosi,0.0019990725
nearly,0.0019963067
factories manufacturing,0.0019955281
texas,0.0019940292
return,0.0019936382
caucuses united,0.0019892782
congress,0.0019826724
break,0.0019809806
protection,0.0019794633
college,0.0019775701
japan,0.0019720332
faces,0.0019699628
brain,0.0019697822
marine,0.0019691712
remains,0.0019678033
buttigieg,0.0019676008
september,0.0019673018
science,0.0019635959
climate change,0.0019633037
march,0.0019618173
crime,0.0019616492
elections trump,0.0019590252
interference elections,0.0019590252
russian interference,0.0019590252
trump associates,0.0019590252
supreme court,0.0019569062
skiing,0.00195503
winter,0.0019549115
carlos,0.0019530625
jersey,0.0019398468
schools,0.0019372172
governor,0.00193603
escape,0.0019356963
january,0.001934685
bryant,0.0019277988
county,0.0019218939
tests,0.001917798
ghosn,0.001917178
union,0.0019166697
video recordings,0.0019154662
leave,0.0019113743
effort,0.0019083272
india,0.0019083025
military bases,0.0019069358
month,0.0019058122
evacuations,0.0019039904
worth,0.0019037062
infrastructure,0.0019015938
president impeachment,0.0018994584
british,0.001898825
growth,0.0018983656
embassies consulates,0.0018964622
diplomatic service,0.0018964622
service embassies,0.0018964622
consulates,0.0018964622
iranian general,0.0018871303
democratic presidential,0.0018794496
rumors misinformation,0.0018768209
misinformation,0.0018768209
rumors,0.0018768209
rising,0.0018759437
supporters,0.0018748
protect,0.0018660896
heart,0.0018645327
water,0.0018615914
outside,0.0018593937
qassim,0.0018588325
prisoners,0.001856008
travel warnings,0.0018531025
including,0.00184923
parliaments,0.0018477093
legislatures parliaments,0.0018477093
exercise,0.0018447363
smartphones,0.0018437118
transit systems,0.001843006
light,0.0018421343
leasing estate,0.0018408477
renting leasing,0.0018408477
renting,0.0018408477
leasing,0.0018408477
apple,0.0018400694
teenagers,0.0018383503
member,0.001837335
government presidential,0.0018371596
viruses,0.0018308025
evacuations evacuees,0.0018172004
state legislatures,0.0018146341
ahead,0.0018146128
action,0.0018140351
raised,0.0018138237
language,0.0018109668
meghan,0.0018105289
phone,0.0018099522
using,0.0018080056
petroleum,0.001805452
petroleum gasoline,0.001805452
cyberwarfare,0.0018034138
puerto,0.0018009605
remain,0.0017953159
traffic accidents,0.001795194
trump administration,0.0017948756
shootings,0.0017922573
limits,0.0017888646
suicide,0.0017887047
intelligence services,0.0017878899
espionage intelligence,0.0017878899
prime,0.0017865374
millions,0.0017861419
critics,0.0017848533
threat,0.0017767883
season,0.0017705497
drugs pharmaceuticals,0.0017676265
pharmaceuticals,0.0017676265
tensions,0.0017666438
drones,0.0017666142
tariff,0.0017631775
electric,0.001759824
animals,0.0017580878
research yourfeedscience,0.001756836
stores,0.0017551131
design,0.0017548653
adviser,0.0017537721
installations,0.0017509416
strategy,0.0017468937
looking,0.0017428666
nutrition,0.0017415087
saudi,0.0017413752
beijing,0.0017406568
killings united,0.0017383472
organized,0.001737637
cyberwarfare defense,0.0017341467
judaism,0.0017333962
avoid,0.0017331322
cyberattacks,0.0017309913
talks,0.0017306391
strikes,0.0017305642
devices,0.0017274553
warns,0.0017269445
agreement,0.0017262893
energy,0.0017254193
lodgings,0.0017225303
travel lodgings,0.0017225303
hotels travel,0.0017225303
force,0.0017176497
ready,0.0017166971
extradition,0.0017164096
built,0.0017163347
harry meghan,0.0017147947
pompeo,0.0017143508
tried,0.0017136158
works,0.001712635
tehran,0.0017095516
hospital,0.0017093924
wednesday,0.001709184
father,0.0016998776
prime minister,0.0016960404
agency,0.0016896552
rivals,0.0016894443
connecticut,0.0016893678
facing,0.0016873538
calls,0.0016864265
harvey,0.0016864033
bases installations,0.001680016
computer security,0.0016798604
culture,0.0016793975
happened,0.001678273
thursday,0.0016780602
start,0.0016733275
begin,0.0016706522
storm,0.0016706123
false,0.0016700594
roads,0.001665775
paying,0.0016600448
tuesday,0.0016589405
forum,0.0016582839
florida,0.0016576152
weapons,0.0016569284
guide,0.0016548521
communications,0.0016497462
station,0.0016497351
diseases,0.0016495731
quarter,0.0016495482
streets,0.0016472576
search,0.0016448875
lower,0.001642231
agriculture,0.0016409656
qassim suleimani,0.001639273
welfare,0.0016355073
affordable,0.0016339669
proposal,0.0016334192
company reports,0.0016333184
properties,0.001632866
america,0.0016315925
secret,0.0016304344
offer,0.001626365
cyberattacks hackers,0.0016261322
offers,0.0016245778
options,0.0016183009
right,0.0016159359
representative,0.0016153539
popular,0.0016141285
customs tariff,0.001612969
working,0.0016126197
responsibility,0.0016117882
estate commercial,0.0016116288
friday,0.0016109332
fired,0.0016101396
disease,0.0016095508
trump impeachment,0.0016052274
missiles,0.0016046398
workplace environment,0.0016038456
morning,0.0016037772
amazon,0.0016018897
neglect,0.0016010335
child abuse,0.0016010335
abuse neglect,0.0016010335
hurricane,0.0016004872
homeless,0.0016004494
applications,0.0015975991
damage,0.00159745
issues,0.0015973888
university,0.0015969067
planes,0.0015938468
lines,0.0015887532
places,0.0015865649
africa,0.0015857478
treatment,0.0015846058
suspect,0.0015836757
coast,0.0015826909
board,0.0015812557
surveillance,0.0015780088
impeachment managers,0.0015771473
proposed,0.0015771204
trafficking,0.0015765491
worry,0.0015763458
expected,0.0015753853
europe,0.0015723234
courts,0.0015722156
seeking,0.0015706391
process,0.0015689704
leaving,0.0015664019
mysterious,0.0015661507
guilty,0.0015642414
stock,0.0015631501
population,0.0015629899
driving,0.0015616029
national security,0.0015572555
investors,0.0015572024
airports,0.0015531805
forces targeted,0.0015530837
seven,0.0015527667
anger,0.0015513164
muslims,0.0015485861
advertising marketing,0.0015438936
potential,0.0015427105
reported,0.0015421421
france,0.0015406384
government defense,0.0015398844
rights violations,0.0015394781
rights human,0.0015394781
diary,0.0015381891
commander,0.0015379527
ethics,0.0015373292
mobile applications,0.0015371692
visit,0.0015353088
account,0.0015344396
decade,0.0015341631
bankruptcies,0.0015333296
inquiry presidential,0.0015265767
report,0.0015258386
messages,0.0015251904
stage,0.0015251462
medicine health,0.0015237802
primary,0.001516355
coming,0.0015155599
volcanoes,0.001513374
behavior,0.0015131203
turned,0.0015128781
andrew,0.0015118207
announced,0.0015110364
opening,0.001507932
natural,0.0015079037
taken,0.0015071124
showed,0.0015060791
managed,0.0015053933
anxiety,0.001504937
policies,0.0015033177
decades,0.0015012397
turkey,0.0015006653
special,0.0015003802
flying,0.0015002335
kills,0.0014947571
access,0.0014919799
blood,0.0014899203
philanthropy,0.0014886031
individuals,0.0014855213
pollution,0.001485405
employees,0.001484317
warning,0.0014820944
weight,0.0014785914
hopes,0.0014781202
impact,0.001476514
conservative,0.0014716259
names,0.001470723
recently,0.0014697188
large,0.0014681863
games,0.0014677318
career,0.0014674093
images,0.0014660478
ethics official,0.0014657483
official misconduct,0.0014657483
software,0.0014647692
really,0.0014633465
conflict,0.0014611743
lawsuit,0.0014601509
percent,0.0014591432
health insurance,0.0014582248
question,0.0014573148
secrets,0.0014556452
parents,0.0014544135
island,0.0014525166
setting,0.0014521588
sides,0.001451043
possible,0.0014484555
issue,0.0014466012
products,0.0014465554
getting,0.0014464244
coronavirus outbreak,0.0014454665
newspapers,0.0014452144
house impeachment,0.0014448203
passenger,0.001443281
huawei,0.0014422919
farming,0.0014412957
sports,0.0014401347
economic forum,0.0014397921
consumer,0.001439554
biology,0.00143812
struggling,0.0014380005
begins,0.0014353903
respiratory diseases,0.0014308995
clinton,0.0014301776
daughter,0.0014287563
criticism,0.0014265957
church,0.0014259197
citizens,0.0014258589
cultural,0.0014257506
attention,0.0014250601
carlos ghosn,0.0014242444
unlikely,0.0014208108
wanted,0.0014184973
close,0.0014183845
stars,0.0014179733
music,0.0014179489
technology,0.0014162137
salaries,0.0014135716
appeal,0.0014122481
injured,0.0014097786
missing persons,0.0014095587
currency,0.0014091549
infrastructure public,0.001408352
public works,0.001408352
birth,0.0014072645
inequality,0.0014065445
message,0.0014061007
records,0.0014045084
votes,0.001401961
index,0.0014008076
virginia,0.0013977045
powerful,0.0013973598
subways,0.0013972443
drones pilotless,0.0013970627
pilotless planes,0.0013970627
pilotless,0.0013970627
leading,0.0013969714
allegations,0.0013961558
testify,0.0013934309
emergency powers,0.001392599
independent,0.0013892271
clear,0.001385913
threats,0.0013822016
materials,0.0013808894
hundreds,0.0013761412
profit,0.0013742471
build,0.0013728896
waste,0.001372191
airport,0.0013720955
asked,0.0013717144
hotel,0.0013716721
short,0.0013709137
nuclear weapons,0.0013687758
protest,0.0013677638
ground,0.0013638496
speaker,0.0013634312
loans,0.0013631085
series,0.0013607081
elderly,0.0013600778
competition,0.0013600583
numbers,0.0013564113
agriculture farming,0.0013554062
manager,0.0013549505
awards,0.0013548037
businesses,0.0013545622
failed,0.0013539806
worst,0.001353952
ecigarettes,0.0013529405
highlights,0.0013511974
humanity,0.0013498503
risks,0.0013490944
assaults,0.0013485225
issued,0.0013478888
strong,0.0013467793
moved,0.0013465383
officers,0.0013459653
pregnancy,0.0013449409
illegal,0.001344462
holocaust,0.001341428
order,0.0013402451
hands,0.0013397669
annual,0.0013392695
israel,0.0013382874
helicopters,0.0013372103
economics,0.001335667
movements,0.0013339308
different,0.0013332018
finds,0.0013314498
today,0.001331404
organizations,0.001330991
worth individuals,0.0013304062
mother,0.0013291701
warming environment,0.0013280051
allowed,0.0013261007
quarantines,0.0013252314
earthquake,0.0013233826
worse,0.0013222087
standard,0.0013219428
helped,0.0013216679
transportation,0.0013209297
wages,0.0013206
wages salaries,0.0013206
depression,0.0013193544
documents,0.0013175705
oceans,0.0013146641
organized labor,0.0013133511
enforcement,0.0013109653
refugees,0.0013089866
remarks,0.0013080047
pensions,0.0013067859
beach,0.0013058969
poverty,0.0013058461
moment,0.0013057285
chief justice,0.0013044452
block,0.0013025376
wealthy,0.001300487
benefits,0.0012986922
wealth,0.001297398
story,0.0012962403
struck,0.0012955986
safety concerns,0.0012935239
street,0.0012912478
facial,0.001289263
embrace,0.0012866445
wireless,0.0012846914
genocide,0.0012842765
forced,0.0012837121
museums,0.001283586
libya,0.0012821278
netanyahu,0.0012815474
government elections,0.0012796291
super,0.0012765515
insurance managed,0.0012755203
retirement plans,0.0012754272
artificial intelligence,0.0012747445
artificial,0.0012747445
patient,0.001269592
provide,0.0012682881
generation,0.0012653337
helicopter,0.0012646832
spreads,0.0012645378
european union,0.0012643072
named,0.0012634433
signs,0.0012626713
germany,0.0012625882
hunting,0.0012617473
metropolitan,0.0012604726
thing,0.0012572946
income,0.0012557385
torture,0.0012538368
commodities,0.0012529697
commodities violations,0.0012529697
securities commodities,0.0012529697
securities,0.0012529697
tourists,0.0012524875
mexico,0.0012521564
patients,0.0012516307
favorite,0.0012486625
greater,0.00124817
practices,0.0012476657
attacked,0.0012455342
birds,0.0012438821
censorship,0.0012419666
welcome,0.0012369885
dozen,0.0012346304
restoration,0.001231807
later,0.0012296104
mental,0.0012293134
passengers,0.0012292324
restrictions,0.0012288507
crimes genocide,0.0012276119
crimes humanity,0.0012276119
genocide crimes,0.0012276119
calling,0.0012274763
plane crash,0.0012273615
fourth,0.0012272531
election political,0.001225926
digital,0.0012253674
federal taxes,0.0012240814
property,0.0012239004
apologizes,0.0012226157
results,0.0012211758
older,0.0012207027
officer,0.0012196926
accounts,0.0012196617
moments,0.0012195467
split,0.0012153309
domestic,0.0012139899
appears,0.0012126142
friends,0.0012118143
harvey weinstein,0.0012116996
makes,0.0012108356
election impeachment,0.0012076354
researchers,0.0012067123
final,0.0012062847
increasingly,0.0012053163
gender,0.0012051621
tells,0.0012047489
human trafficking,0.0012026463
trading,0.0012022404
pensions retirement,0.0012012763
lawyer,0.0012003466
uncertainty,0.0012002357
attempts,0.0011992154
expect,0.0011969003
worked,0.0011955678
humanitarian,0.0011939605
smoking,0.0011938782
charge,0.0011931431
unemployment,0.0011920374
continue,0.0011919133
theory,0.0011891776
parties,0.0011877284
trial trumpukraine,0.0011876121
executives,0.0011863703
taliban,0.0011858908
claimed,0.0011847155
offered,0.0011836268
orders,0.001182147
pentagon,0.0011816676
tobacco,0.001181383
include,0.0011810648
ukrainian,0.0011801323
waste materials,0.0011787509
russia,0.0011775629
historic,0.0011774163
boeing groundings,0.0011763987
groundings,0.0011763987
groundings safety,0.0011763987
hollywood,0.0011755357
cards,0.0011752559
mayors,0.0011752096
wireless communications,0.0011723614
testimony,0.0011718591
confirmed,0.0011709393
facial recognition,0.0011700303
recognition,0.0011700303
actors,0.0011699396
forces military,0.0011692545
korea,0.0011668117
palestinians,0.0011665662
antisemitic,0.0011648792
disabilities,0.0011603677
arrest,0.0011590278
reporter,0.0011584674
happen,0.0011557819
toxic,0.0011532258
dying,0.0011530012
nursing,0.0011528534
prisons,0.0011516408
seeks,0.0011515411
brought,0.0011515042
sexually,0.0011513706
minorities,0.0011510336
poors,0.0011509431
poors index,0.0011509431
standard poors,0.0011509431
prostate,0.0011499932
district,0.0011484178
putin,0.0011470126
important,0.0011441886
security adviser,0.0011435818
religious,0.0011432943
reporters,0.0011431401
abortion,0.0011431229
increase,0.0011429269
nancy,0.0011424954
nancy pelosi,0.0011424954
banks,0.0011421727
helping,0.0011421035
dispute,0.0011404919
travelers,0.0011375507
majority,0.0011366727
consider,0.0011354638
traveling,0.0011351244
political primaries,0.0011350742
bisexuality,0.0011340542
homosexuality bisexuality,0.0011340542
homosexuality,0.0011340542
prosecutor,0.0011327266
twitter,0.0011313062
nightclubs,0.0011293213
fashion,0.0011285867
continues,0.0011283635
inflation,0.0011281508
heritage,0.0011270449
faced,0.0011248252
presidency,0.0011233105
divided,0.0011227308
genetics,0.0011223719
italy,0.0011220092
village,0.0011212882
green,0.0011212089
gentrification,0.0011210134
returned,0.0011202019
calif,0.0011196863
residential renting,0.0011186337
settlement,0.0011186235
ecommerce,0.001117922
according,0.0011173752
afghan,0.0011170104
muslim,0.001115334
luxury,0.0011150128
arrested,0.0011148633
resources,0.0011143638
interview,0.0011137417
movie,0.0011128213
roads traffic,0.0011124227
interior,0.0011103458
migrant,0.0011102449
citizenship,0.0011095783
mideast,0.0011094544
needed,0.001109349
impeachment manager,0.001107153
investigating,0.0011070698
holiday,0.0011066836
giving,0.0011064206
person,0.00110565
drivers,0.0011047138
place,0.0011043666
thought,0.0011041034
saturday,0.001103248
considered,0.0011030517
hudson,0.0011023957
think,0.001102351
families family,0.0011011385
evangelical,0.0010998932
surge,0.0010996661
baghdad,0.0010995193
urban,0.0010992528
spent,0.0010990627
earlier,0.0010990519
southern,0.0010984319
parliament,0.0010967061
challenge,0.0010964966
volcano,0.0010953505
bankruptcy,0.0010950794
elite,0.0010941661
ambassador,0.0010935063
football,0.0010921371
prominent,0.0010919729
muslims islam,0.0010912154
islam,0.0010912154
target,0.0010909293
frauds swindling,0.0010894878
frauds,0.0010894878
swindling,0.0010894878
costs,0.0010887898
world economic,0.0010884377
medicaid,0.0010880434
illness,0.0010869675
abroad,0.0010853157
religion,0.0010852839
chain,0.0010851701
needs,0.0010850185
criminal justice,0.0010848541
lebanon,0.001081815
armed,0.001081488
spends,0.0010793174
renovation,0.0010791399
restoration renovation,0.0010791399
mutual funds,0.0010781996
mutual,0.0010781996
government legislatures,0.0010775236
mixed,0.0010759337
threatens,0.0010737801
israeli,0.0010731164
antitrust,0.001073078
illegal immigration,0.0010716919
brutality,0.001071209
police brutality,0.001071209
brutality misconduct,0.001071209
misconduct shootings,0.001071209
problems,0.0010688019
flights,0.001068314
pennsylvania,0.0010681631
ethnic,0.001068148
carolina,0.0010671321
misleading,0.0010671283
vaccination,0.0010666031
judiciary,0.0010659589
limit,0.0010644319
changed,0.0010639491
mcconnell,0.0010623996
neighborhood,0.0010621155
schiff,0.0010608707
field,0.0010603105
sanders elizabeth,0.0010600487
training,0.0010590779
ruled,0.0010582763
sentenced,0.0010577792
raise,0.0010574925
groups movements,0.0010569848
fringe groups,0.0010569848
fringe,0.0010569848
actresses,0.0010566215
actors actresses,0.0010566215
masks,0.0010566124
rural,0.0010559525
losing,0.0010556806
raising,0.0010555859
shape,0.0010553432
paper,0.001054858
smuggling,0.0010545978
crimes sexual,0.0010543609
effect,0.0010533651
protesters,0.0010524669
color,0.0010523531
nations,0.0010523307
reelection,0.0010508866
victory,0.0010505903
surgery,0.0010504001
investigators,0.0010498365
prince harry,0.0010477277
spending,0.0010473898
caused,0.0010453993
arrests,0.0010452248
representatives,0.0010451799
network,0.001044658
psychology,0.0010442832
articles,0.001043267
adolescence,0.0010422257
teenagers adolescence,0.0010422257
brexit politics,0.0010416608
planet,0.0010415949
plant,0.0010403018
workplace hazards,0.0010400628
hazards violations,0.0010400628
hazards,0.0010400628
apartment,0.0010396189
threatening,0.0010383548
maybe,0.0010368897
created,0.0010368685
collins,0.0010367087
english,0.001036693
warned,0.0010366215
consumers,0.0010349513
urged,0.0010348203
media computers,0.0010346045
income inequality,0.0010344473
childbirth,0.0010341641
pregnancy childbirth,0.0010341641
aircraft,0.0010336718
rescues,0.0010318524
drama,0.0010314053
female,0.0010295387
editor,0.0010291638
trial united,0.0010291216
cruises,0.0010290515
ships,0.0010290412
senate impeachment,0.0010284331
release,0.0010279075
assassinations,0.0010278675
looms,0.0010276879
lives,0.0010270156
assaulted,0.0010269731
harder,0.0010264623
johnson,0.0010260813
humans,0.0010251626
social security,0.0010246334
paleontology,0.0010243903
environment greenhouse,0.0010237955
saying,0.0010231785
driverless semiautonomous,0.0010227378
driverless,0.0010227378
semiautonomous,0.0010227378
semiautonomous vehicles,0.0010227378
presidential candidates,0.0010224367
youngest,0.0010209618
views,0.0010209088
cutting,0.0010195777
truce,0.0010170703
investigate,0.0010160531
furnishings,0.001015977
interior design,0.001015977
design furnishings,0.001015977
messaging,0.0010157705
stations,0.001015636
transactions,0.0010151389
estate transactions,0.0010151389
suggested,0.0010140709
google,0.001013773
activists,0.0010125964
trial president,0.0010121416
coronavirus severe,0.0010112445
allies,0.0010110138
prosecution,0.001010951
genetic,0.001010897
level,0.0010106892
iraqi,0.0010104778
reach,0.0010103621
nonprofit,0.0010098873
steps,0.0010098487
event,0.0010092276
detained,0.0010091966
displaced,0.0010089203
rival,0.0010084988
threatened,0.0010081234
classic,0.0010073909
richmond,0.0010063079
social responsibility,0.0010059552
corporate social,0.0010059552
husband,0.0010040181
chicago,0.0010038926
potentially,0.0010032963
michael bloomberg,0.0010028187
startups,0.001001331
sundays,0.0010012424
spends sundays,0.0010012424
interrogations,0.001000476
suicides,0.0009974702
suicide attempts,0.0009974702
suicides suicide,0.0009974702
electric hybrid,0.0009973872
hybrid,0.0009973872
hybrid vehicles,0.0009973872
detainees,0.0009972117
shortages,0.00099715
heredity,0.0009971105
genetics heredity,0.0009971105
terrorist,0.0009950742
cuomo,0.0009948864
drive,0.0009939608
documentary,0.0009938515
critical,0.0009935177
owner,0.0009932156
market customs,0.0009931815
trail,0.0009911937
headlines,0.0009906653
appeared,0.0009902451
powers united,0.0009890834
taxation,0.0009848706
disney,0.0009844776
opens,0.0009843783
phones,0.0009825764
homes california,0.0009824509
finance presidential,0.0009823596
temperature,0.0009817529
klobuchar,0.0009804707
migration,0.000980351
analysis,0.0009793328
environmental,0.0009793185
million homes,0.0009792058
homeless persons,0.0009782682
veteran,0.0009775711
upper,0.0009773772
decide,0.0009769977
fossil,0.0009768327
stories,0.00097582914
collectors,0.00097576383
yourfeedwirecutter,0.0009748585
animal behavior,0.0009747641
blame,0.0009747403
closer,0.00097391446
regulators,0.00097380835
south carolina,0.0009737359
womens rights,0.000972446
womens,0.000972446
forces politics,0.00097177393
sought,0.0009712343
clash,0.000970037
arizona,0.0009698818
wounded,0.0009696223
detention,0.00096954714
vaccination immunization,0.00096935086
immunization,0.00096935086
secretary state,0.0009691636
spreading,0.0009686988
affect,0.0009685561
tight,0.0009663579
savings,0.0009652558
civil rights,0.0009649591
structures,0.00096447807
pledged,0.00096378487
democratic debate,0.0009635242
penalties,0.00096321944
coffee,0.0009627403
expression,0.0009620556
election trumpukraine,0.00096187706
prostate cancer,0.0009617579
designed,0.00096156035
agreed,0.0009611864
prevent,0.0009611846
robert,0.0009611826
election campaign,0.00096045143
finally,0.0009604336
quickly,0.00095871085
capitol,0.00095766364
carrying,0.00095728645
telephones,0.0009568251
auschwitz,0.0009564816
appear,0.00095647166
fatal,0.0009557202
draft,0.00095542334
scale,0.00095499033
helps,0.0009543855
equipment,0.00095424405
careers,0.0009532377
removal,0.0009525033
added,0.00095213146
database,0.00094864314
range,0.00094819034
spend,0.00094787905
liberal,0.0009476354
staff,0.0009473663
requirements,0.00094730116
government targeted,0.0009469458
jewish,0.0009468065
miles,0.0009460162
wrong,0.0009455414
reduce,0.0009452822
massachusetts,0.00094494584
rivers,0.00094363786
dulos,0.0009433771
cameras,0.0009415899
blaze,0.00094071025
chairman,0.00094058906
presidents,0.0009399156
funding,0.0009392442
exchange,0.00093897
classified information,0.0009382125
classified,0.0009382125
years prison,0.0009377368
smoking tobacco,0.0009374591
trends politics,0.0009373348
recalls,0.00093708164
tough,0.0009359583
producer,0.0009354686
focused,0.0009347259
firearms,0.00093444
fourth quarter,0.00093354733
gathering,0.00093290984
statements,0.0009316181
teenager,0.00093097816
effects,0.0009298557
animal abuse,0.0009294473
rights welfare,0.0009294473
abuse rights,0.0009294473
recession,0.0009292578
maker,0.0009288018
celebrities,0.000928783
bezos,0.00092871406
trump senate,0.0009282296
electronics,0.00092678494
concern,0.0009254906
speaker nancy,0.0009247723
point,0.0009235862
image,0.00092347263
subject,0.0009230757
refugees displaced,0.0009227683
displaced persons,0.0009227683
accusations,0.00092172355
fashion apparel,0.0009216489
apparel,0.0009216489
cruise,0.00092118
alternative,0.00092088006
richmond rally,0.0009204945
rally january,0.0009204945
oldest,0.00092002493
minority,0.00091978913
revelations,0.00091921084
keeping,0.0009191925
spotlight,0.00091849425
political prisoners,0.00091712363
visits,0.0009164575
inflation economics,0.0009163302
convicted,0.0009162516
profession,0.0009161598
competition issues,0.000915992
antitrust competition,0.000915992
usually,0.0009157459
ethnic group,0.000915556
worried,0.00091528124
australian,0.000914941
scheme,0.0009144433
embassy,0.00091390876
layoffs,0.0009136841
shifting,0.0009135802
signed,0.0009128476
breaks,0.00091023475
house managers,0.0009102205
attorney,0.00090982876
attorney general,0.00090982876
joseph,0.00090921606
continued,0.00090898585
iranianamericans,0.00090775196
federal budget,0.0009068905
symbol,0.000905747
bring,0.0009045811
dating,0.00090416084
rescue,0.00090297795
fighting,0.00090279686
obama,0.0009023004
allowing,0.0009018093
wildfires fires,0.00090162747
vaccine,0.00090028247
mission,0.0009001877
means,0.0008999775
wearing,0.000899872
iranians,0.00089874567
journey,0.00089816545
included,0.0008981055
asylum,0.0008979526
landlord,0.0008973347
scrutiny,0.0008972341
approach,0.0008955949
netflix,0.0008952192
wuhan coronavirus,0.00089467596
failures,0.00089462777
voice,0.0008942651
native,0.0008940461
cause,0.000894007
killing iranian,0.00089307013
prepare,0.00089250226
buses,0.000892457
reality,0.0008920985
vacation,0.00089202437
photos,0.0008919275
treasury,0.00089165027
summer,0.0008913719
experience,0.000890485
valley,0.0008899219
immunity,0.0008896901
points,0.0008892079
organization,0.0008888108
deoxyribonucleic,0.0008874406
committee,0.0008870996
defends,0.00088692654
mystery,0.00088688877
assault,0.0008866117
tokyo,0.0008862806
fueled,0.0008855869
rises,0.00088538387
market united,0.0008850432
remove,0.0008847355
coastal,0.00088468543
modern,0.00088434713
crowds,0.0008841573
casualties,0.0008840958
acquisitions divestitures,0.0008827817
mergers acquisitions,0.0008827817
acquisitions,0.0008827817
mergers,0.0008827817
divestitures,0.0008827817
advisers,0.00088267477
trump united,0.0008813281
affected,0.00088099955
factory,0.00088016206
survivors,0.0008791903
allow,0.00087874924
communities,0.00087594107
device,0.000874711
marriage,0.00087256567
advertising political,0.0008723027
airstrike,0.00087217893
elections senate,0.00087157835
pensacola,0.00087133504
wonder,0.0008709566
freedom speech,0.0008707928
speech expression,0.0008707928
taxicab,0.0008705379
taxicab drivers,0.0008705379
taxicabs,0.0008705379
taxicabs taxicab,0.0008705379
tennessee,0.0008704239
comfortable,0.0008682585
decided,0.00086742284
shared,0.00086691114
count,0.000865735
significant,0.00086481957
destroyed,0.0008646289
conservation resources,0.0008640571
conservation,0.0008640571
harassment metoo,0.0008636858
david,0.0008621263
naval,0.00086166663
furniture,0.00086140307
delivery,0.00086131966
monday,0.0008609145
guantanamo,0.00086044916
agents,0.0008603264
recycling,0.000860212
departure,0.0008597504
largest,0.00085959333
planning renewal,0.0008592032
renewal,0.0008592032
hoping,0.0008587453
single,0.0008556527
government state,0.0008555939
house representatives,0.0008547923
counsel,0.0008544608
backed,0.0008541171
athletics,0.0008528908
viral,0.00085186673
blazes,0.0008518295
house democrats,0.00085178204
missile strike,0.00085129554
forensic science,0.0008511199
forensic,0.0008511199
testing,0.0008511092
cabinet,0.00085099
lessons,0.0008506691
surprise,0.0008504883
endorsements presidential,0.0008501519
london,0.0008495806
constitutional,0.0008483706
trouble,0.000848159
limited,0.0008475978
kelly,0.0008468844
moines,0.0008465149
credit cards,0.00084644137
disaster,0.000845833
drops,0.00084510504
increased,0.0008419815
veterans,0.00084127754
witness,0.0008410415
psychology psychologists,0.00084044796
psychologists,0.00084044796
preparing,0.00083949906
buildings structures,0.000839162
praised,0.0008391083
suggest,0.00083733746
fugitives,0.00083724514
election black,0.00083705585
layoffs reductions,0.000835318
reductions,0.000835318
formal,0.0008352846
class,0.0008348754
struggle,0.0008343624
chase,0.000833897
signaled,0.00083346665
emotion,0.00083334156
epstein,0.00083325536
success,0.0008330365
airport security,0.0008314988
hazardous toxic,0.000831496
substances,0.000831496
toxic substances,0.000831496
hazardous,0.000831496
discuss,0.00083110685
playing,0.00083078985
house hunting,0.00083066506
customer,0.0008306535
linked,0.0008306226
philadelphia,0.0008303807
backlash,0.00082979724
brooklyn estate,0.0008297525
homes brooklyn,0.0008297525
professions,0.00082688197
careers professions,0.00082688197
troubles,0.00082685077
caucuses trumpukraine,0.0008267483
targets,0.0008264317
disasters ukraine,0.00082518405
washington state,0.0008243221
construction,0.000823511
happy,0.00082299515
pressure campaign,0.00082102494
volatile,0.0008207962
recalls products,0.00082064146
movement movies,0.0008202023
convictions,0.00081855984
state department,0.00081816025
willing,0.00081692496
nation,0.00081612985
carbon,0.00081593374
bribery,0.00081582164
blast,0.00081538386
value,0.0008153666
academic,0.0008146754
vladimir,0.00081432355
relations politics,0.0008142634
author,0.00081411493
writing,0.00081346533
railroads,0.0008130769
drawing,0.00081216154
power failures,0.00081207213
blackouts,0.00081207213
failures blackouts,0.00081207213
chaos,0.000812063
endangered,0.0008116139
endangered extinct,0.0008116139
extinct,0.0008116139
extinct species,0.0008116139
promises,0.00081063254
infection,0.0008106213
parnas,0.0008102081
focus,0.0008092707
campus,0.000809023
identification,0.0008086972
richest,0.00080820423
catch,0.0008074856
revealed,0.00080739707
academy,0.0008063015
successful,0.00080588495
territory,0.00080426387
propaganda,0.0008038688
track,0.0008035475
stand,0.00080337445
assembly,0.0008032057
wrote,0.0008029137
rightwing,0.00080284855
temperatures,0.0008023683
archaeology,0.0008017329
archaeology anthropology,0.0008017329
anthropology,0.0008017329
coronavirus travel,0.0008010247
films,0.00079983356
visas,0.00079967274
danger,0.00079840043
independence,0.00079804054
believe,0.00079789915
disasters deaths,0.00079773314
returning,0.0007971827
recession depression,0.00079633045
negative,0.00079478184
migrants,0.0007943795
backing,0.0007935935
words,0.00079350977
intense,0.0007933312
computing,0.00079267175
pushed,0.00079258345
takeaways,0.00079182297
marijuana,0.00079158857
matters,0.00079137983
closing,0.0007911181
audio,0.00079099817
military tribunals,0.0007908907
tribunals,0.0007908907
macron,0.0007898194
government corruption,0.0007896625
expanding,0.00078901846
budget travel,0.0007888146
formally,0.0007884556
tariff united,0.0007877891
liberals,0.0007869617
price,0.00078687543
delivery services,0.000786761
comments,0.0007866353
voter,0.0007864839
compensation,0.0007863515
shift,0.00078581274
tweets,0.00078581116
november,0.00078524766
residential estate,0.00078520266
election presidential,0.00078436814
stepped,0.0007843494
freedom press,0.0007830342
broadcast,0.0007830068
berlin,0.00078298186
firefighters wildfires,0.000782842
state secrets,0.0007825662
information state,0.0007825662
sentenced years,0.00078239397
maine,0.00078233465
telling,0.00078172603
datamining database,0.0007805955
database marketing,0.0007805955
datamining,0.0007805955
industrial,0.0007784886
iranian commander,0.0007779734
session,0.0007773458
australia fires,0.000776904
canadian,0.0007761748
learning,0.0007760614
strike iranian,0.0007759453
african,0.00077571796
exposed,0.0007756135
advertising online,0.00077478116
german,0.00077353
evolution,0.00077343365
planned,0.0007734044
brazil,0.00077257666
mohammed,0.00077172054
complex,0.00077073084
downed,0.0007705469
fines,0.00077020173
hispanicamericans,0.0007698427
economy united,0.0007683896
tesla,0.0007680858
gives,0.0007677438
announces,0.0007676114
collapse,0.0007675282
request,0.0007673494
nissan,0.0007670754
renters,0.0007665383
expand,0.00076640357
golden,0.0007663533
involved,0.00076604023
disasters airlines,0.0007654746
engineering,0.0007642386
believed,0.00076386845
explain,0.0007637999
violent,0.0007637557
prompted,0.0007633305
latino,0.00076330226
reasons,0.0007617738
cross,0.0007615954
goods,0.0007614307
protection affordable,0.00076031504
patient protection,0.00076031504
destruction,0.00075994484
amendment,0.000759716
hurricane maria,0.00075971504
maria,0.00075971504
alliance,0.0007596065
courts judiciary,0.0007591147
activist,0.0007584855
caucus,0.00075769424
unusual,0.00075754314
partisan,0.0007573373
injuries,0.0007564285
disorders,0.00075620104
drone strike,0.00075598835
drone,0.00075598835
position,0.0007546588
statement,0.00075439806
hearing,0.000754337
address,0.00075378147
warren sanders,0.0007531076
jennifer,0.00075219135
paris,0.0007518476
liberation,0.00075095077
parks,0.00075068104
legal profession,0.00075058977
responsible,0.0007502787
criminals,0.0007502175
missiles missile,0.00074978103
missile defense,0.00074978103
defense systems,0.00074978103
inquiry russian,0.0007495859
attempt,0.0007488391
surveillance citizens,0.0007487087
citizens government,0.0007487087
sunday,0.0007476691
certain,0.0007460926
troubled,0.0007456453
teams,0.00074550376
declared,0.00074519357
alert,0.0007448498
evening,0.0007447484
urban areas,0.00074471685
government legislation,0.00074437645
warming greenhouse,0.0007443196
senior,0.00074431923
japanese,0.0007441848
iphone,0.0007435084
emails,0.00074345275
federal reserve,0.0007431926
reserve,0.0007431926
nonprofit organizations,0.0007428978
entering,0.0007423923
posed,0.0007415925
crossed,0.0007413801
differences,0.0007412773
initial,0.00074111193
storms,0.0007400369
announcement,0.0007394091
showing,0.0007386663
recognition software,0.0007385302
airliner,0.00073837565
vaping,0.0007376139
alarm,0.0007372263
elections house,0.0007372256
actions,0.00073719065
fallout,0.0007370941
sentence,0.00073670695
coronavirus politics,0.0007364322
steady,0.00073611696
voted,0.0007355047
newly,0.0007351168
youth,0.0007351101
promise,0.0007349141
investments,0.00073429366
shipping,0.0007340556
balance,0.0007338965
airplane,0.00073372206
returns,0.00073367445
instead,0.00073288754
caribbean,0.00073238084
pensacola shooting,0.0007318825
livery,0.0007315312
services livery,0.0007315312
impeachment ethics,0.0007313355
experiences,0.0007311202
victim,0.00073004945
philosophy,0.0007300388
syndrome epidemics,0.0007292814
minutes,0.00072821835
progressive,0.000726767
george,0.00072648854
epidemics coronavirus,0.0007263643
fields,0.00072517025
guards,0.00072451896
pilots,0.00072394044
reform,0.00072275515
tougher,0.0007222492
writers,0.0007218725
writing writers,0.0007218725
trump presidential,0.00072152296
investigated,0.00072117726
civilian,0.0007210886
panic,0.00072086405
prisons prisoners,0.00072074134
venezuela,0.0007204631
government economic,0.00072012143
president nicolas,0.000719746
nicolas,0.000719746
maduro,0.000719746
china coronavirus,0.000719588
journalist,0.0007185109
required,0.000718394
approval,0.0007168029
wisconsin,0.0007160412
project,0.00071598723
material,0.0007159823
conversation,0.00071562186
heading,0.0007153724
train,0.00071451324
selling,0.0007143183
weigh,0.00071415154
largely,0.00071413285
caucuses polls,0.00071313453
startup,0.00071177096
solution,0.00071162963
prostitution,0.0007112753
world leaders,0.0007112687
pension,0.000710732
china trade,0.00070993
caucuses voting,0.0007096913
continent,0.0007087313
bribery kickbacks,0.00070820417
kickbacks,0.00070820417
looks,0.00070780504
repairs,0.0007067912
relations targeted,0.0007066765
joins,0.00070658315
jeffrey,0.0007065616
events,0.00070626935
intensify,0.00070531975
internal,0.0007045365
documentary films,0.00070400385
films programs,0.00070400385
situation,0.0007032944
talking,0.0007031912
impeachment charges,0.000702926
tries,0.0007026436
relations international,0.000702442
troubling,0.00070154027
consulates united,0.00070138456
evolution biology,0.00070137077
birth control,0.00070047716
celebrating,0.00070047413
provided,0.0006995072
adults,0.00069870474
choose,0.00069869845
chamber,0.000698589
december,0.0006976434
related,0.00069742865
activity,0.0006972592
underway,0.00069641037
grows,0.0006950612
attend,0.00069481425
campaigns,0.0006945315
panel,0.0006944621
light power,0.000694312
electric light,0.000694312
commission,0.0006941893
trial house,0.0006935008
impeachment witnesses,0.00069173775
played,0.00069165137
difficult,0.00069100835
appearing,0.00069089106
democratic party,0.00069078454
fundraising,0.00069013773
rallies,0.00069000595
involving,0.000689458
forces aviation,0.0006893961
barred,0.0006886398
posted,0.0006882907
relief,0.0006880237
benjamin,0.0006867777
benjamin netanyahu,0.0006867777
fines penalties,0.00068645447
criticizing,0.0006852752
follow,0.0006846685
trade agreement,0.0006839872
movement sexual,0.00068390905
proceedings,0.00068375486
cracks,0.00068372797
plenty,0.00068361656
health officials,0.00068065256
following,0.00067919923
heard,0.0006791364
mental health,0.0006790099
health disorders,0.0006790099
production,0.0006787321
american troops,0.00067842344
deficit,0.0006783321
highest,0.0006783193
pressed,0.0006776407
raised million,0.00067674165
crucial,0.0006761761
recruitment,0.0006760786
recruitment military,0.0006760786
draft recruitment,0.0006760786
recycling waste,0.0006758674
aides,0.0006757517
confronts,0.00067487184
followed,0.0006747342
trial senate,0.0006742615
terminals passenger,0.0006741648
terminals,0.0006741648
stations terminals,0.0006741648
expert,0.0006735197
outrage,0.0006733353
reached,0.00067223836
tariffs,0.0006714968
concerns aviation,0.0006700619
trucks,0.0006699315
treat,0.00066949456
firms,0.0006682327
terrorism united,0.000667592
actress,0.00066646334
memorials,0.00066606066
cellular,0.0006658589
responded,0.0006654846
spoke,0.00066513923
freedom religion,0.00066496787
pleaded,0.00066131575
hacked,0.00066096423
recording,0.0006605726
associates united,0.00065943296
charged murder,0.0006593779
station pensacola,0.000659298
naval station,0.000659298
ships shipping,0.0006581014
entry,0.0006563502
speeches,0.00065629074
hiring,0.0006560832
considering,0.0006560451
worries,0.00065548485
president emmanuel,0.0006546603
emmanuel,0.0006546603
overhaul,0.00065355556
disposal,0.0006533908
materials disposal,0.0006533908
reflected,0.0006521266
settle,0.0006506774
congressional,0.0006504633
crimes child,0.0006498594
emerging,0.0006495773
committees,0.0006486814
developing,0.00064855383
flight aviation,0.0006473778
warning systems,0.00064722076
removing,0.00064696366
stock market,0.0006466394
development,0.00064623536
article,0.0006445066
plotting,0.0006439486
state pompeo,0.0006426617
abuse traffic,0.0006383886
injury,0.0006383636
giuliani,0.0006381559
foreign policy,0.0006376702
lobbying,0.00063751615
findings,0.0006370675
presented,0.000636082
investing,0.0006355197
animal migration,0.0006343386
ruling,0.00063344394
airline,0.0006333652
argued,0.00063150085
angry,0.0006309245
nicotine,0.0006304674
biden sanders,0.0006283148
sanctions united,0.00062749273
greta,0.00062712946
asylum right,0.0006269696
family planning,0.00062680966
control family,0.00062680966
projects,0.000626104
president lawyers,0.0006256974
scientific,0.0006255311
television media,0.00062499254
downing,0.00062202034
biggest,0.0006185728
draws,0.00061788067
putting,0.00061645394
trials,0.0006158388
raises,0.00061502215
service members,0.00061495294
iranian missiles,0.00061461254
homicides missing,0.0006120795
government international,0.000611299
zelensky,0.0006102073
volodymyr,0.0006102073
volodymyr zelensky,0.0006102073
giants,0.0006091416
impeachment articles,0.0006088279
escalation,0.0006084944
aboard,0.0006071314
attempted assassinations,0.00060707505
assassinations attempted,0.00060707505
exchange traded,0.00060668035
traded funds,0.00060668035
traded,0.00060668035
silicon,0.0006041528
overall,0.00060401286
discrimination black,0.00060161867
fuels,0.00059895974
advertising presidential,0.00059526676
invest,0.0005921972
american officials,0.00059003604
trust,0.00059000304
citizenship naturalization,0.0005857203
naturalization,0.0005857203
methods,0.0005849846
associates presidential,0.00058376463
killings defense,0.0005825402
islamic,0.0005821298
forces drones,0.0005808782
economy international,0.00058026175
theory philosophy,0.0005745407
economics theory,0.0005745407
consequences,0.0005742071
sectarian schools,0.00056853367
sectarian,0.00056853367
private sectarian,0.00056853367
water pollution,0.0005654557
lobbying lobbyists,0.0005639207
lobbyists,0.0005639207
middle africa,0.00056353275
africa migrant,0.00056353275
migrant crisis,0.00056353275
orders memorandums,0.0005596066
memorandums,0.0005596066
executive orders,0.0005596066
argue,0.0005569743
